accuracy,precision,recall,specificity,f1,tn,fp,fn,tp,threshold,cost
0.50625,0.052,1.0,0.4925053533190578,0.0988593155893536,230.0,237.0,0.0,13.0,0.01,237.0
0.71875,0.057971014492753624,0.6153846153846154,0.721627408993576,0.10596026490066224,337.0,130.0,5.0,8.0,0.02,255.0
0.8375,0.08860759493670886,0.5384615384615384,0.8458244111349036,0.15217391304347827,395.0,72.0,6.0,7.0,0.03,222.0
0.8895833333333333,0.08333333333333333,0.3076923076923077,0.9057815845824411,0.13114754098360656,423.0,44.0,9.0,4.0,0.04,269.0
0.91875,0.09375,0.23076923076923078,0.9379014989293362,0.13333333333333333,438.0,29.0,10.0,3.0,0.05,279.0
0.9416666666666667,0.14285714285714285,0.23076923076923078,0.961456102783726,0.17647058823529413,449.0,18.0,10.0,3.0,0.060000000000000005,268.0
0.95,0.17647058823529413,0.23076923076923078,0.9700214132762313,0.20000000000000004,453.0,14.0,10.0,3.0,0.06999999999999999,264.0
0.9604166666666667,0.25,0.23076923076923078,0.9807280513918629,0.24000000000000002,458.0,9.0,10.0,3.0,0.08,259.0
0.9666666666666667,0.3333333333333333,0.23076923076923078,0.987152034261242,0.27272727272727276,461.0,6.0,10.0,3.0,0.09,256.0
0.9729166666666667,0.5,0.23076923076923078,0.9935760171306209,0.3157894736842105,464.0,3.0,10.0,3.0,0.09999999999999999,253.0
0.9729166666666667,0.5,0.23076923076923078,0.9935760171306209,0.3157894736842105,464.0,3.0,10.0,3.0,0.11,253.0
0.9708333333333333,0.4,0.15384615384615385,0.9935760171306209,0.2222222222222222,464.0,3.0,11.0,2.0,0.12,278.0
0.9708333333333333,0.3333333333333333,0.07692307692307693,0.9957173447537473,0.125,465.0,2.0,12.0,1.0,0.13,302.0
0.9729166666666667,0.5,0.07692307692307693,0.9978586723768736,0.13333333333333336,466.0,1.0,12.0,1.0,0.14,301.0
0.975,1.0,0.07692307692307693,1.0,0.14285714285714288,467.0,0.0,12.0,1.0,0.15000000000000002,300.0
0.975,1.0,0.07692307692307693,1.0,0.14285714285714288,467.0,0.0,12.0,1.0,0.16,300.0
0.975,1.0,0.07692307692307693,1.0,0.14285714285714288,467.0,0.0,12.0,1.0,0.17,300.0
0.975,1.0,0.07692307692307693,1.0,0.14285714285714288,467.0,0.0,12.0,1.0,0.18000000000000002,300.0
0.975,1.0,0.07692307692307693,1.0,0.14285714285714288,467.0,0.0,12.0,1.0,0.19,300.0
0.975,1.0,0.07692307692307693,1.0,0.14285714285714288,467.0,0.0,12.0,1.0,0.2,300.0
0.975,1.0,0.07692307692307693,1.0,0.14285714285714288,467.0,0.0,12.0,1.0,0.21000000000000002,300.0
0.975,1.0,0.07692307692307693,1.0,0.14285714285714288,467.0,0.0,12.0,1.0,0.22,300.0
0.9729166666666667,0.0,0.0,1.0,0.0,467.0,0.0,13.0,0.0,0.23,325.0
0.9729166666666667,0.0,0.0,1.0,0.0,467.0,0.0,13.0,0.0,0.24000000000000002,325.0
0.9729166666666667,0.0,0.0,1.0,0.0,467.0,0.0,13.0,0.0,0.25,325.0
0.9729166666666667,0.0,0.0,1.0,0.0,467.0,0.0,13.0,0.0,0.26,325.0
0.9729166666666667,0.0,0.0,1.0,0.0,467.0,0.0,13.0,0.0,0.27,325.0
0.9729166666666667,0.0,0.0,1.0,0.0,467.0,0.0,13.0,0.0,0.28,325.0
0.9729166666666667,0.0,0.0,1.0,0.0,467.0,0.0,13.0,0.0,0.29000000000000004,325.0
0.9729166666666667,0.0,0.0,1.0,0.0,467.0,0.0,13.0,0.0,0.3,325.0
0.9729166666666667,0.0,0.0,1.0,0.0,467.0,0.0,13.0,0.0,0.31,325.0
0.9729166666666667,0.0,0.0,1.0,0.0,467.0,0.0,13.0,0.0,0.32,325.0
0.9729166666666667,0.0,0.0,1.0,0.0,467.0,0.0,13.0,0.0,0.33,325.0
0.9729166666666667,0.0,0.0,1.0,0.0,467.0,0.0,13.0,0.0,0.34,325.0
0.9729166666666667,0.0,0.0,1.0,0.0,467.0,0.0,13.0,0.0,0.35000000000000003,325.0
0.9729166666666667,0.0,0.0,1.0,0.0,467.0,0.0,13.0,0.0,0.36000000000000004,325.0
0.9729166666666667,0.0,0.0,1.0,0.0,467.0,0.0,13.0,0.0,0.37,325.0
0.9729166666666667,0.0,0.0,1.0,0.0,467.0,0.0,13.0,0.0,0.38,325.0
0.9729166666666667,0.0,0.0,1.0,0.0,467.0,0.0,13.0,0.0,0.39,325.0
0.9729166666666667,0.0,0.0,1.0,0.0,467.0,0.0,13.0,0.0,0.4,325.0
0.9729166666666667,0.0,0.0,1.0,0.0,467.0,0.0,13.0,0.0,0.41000000000000003,325.0
0.9729166666666667,0.0,0.0,1.0,0.0,467.0,0.0,13.0,0.0,0.42000000000000004,325.0
0.9729166666666667,0.0,0.0,1.0,0.0,467.0,0.0,13.0,0.0,0.43,325.0
0.9729166666666667,0.0,0.0,1.0,0.0,467.0,0.0,13.0,0.0,0.44,325.0
0.9729166666666667,0.0,0.0,1.0,0.0,467.0,0.0,13.0,0.0,0.45,325.0
0.9729166666666667,0.0,0.0,1.0,0.0,467.0,0.0,13.0,0.0,0.46,325.0
0.9729166666666667,0.0,0.0,1.0,0.0,467.0,0.0,13.0,0.0,0.47000000000000003,325.0
0.9729166666666667,0.0,0.0,1.0,0.0,467.0,0.0,13.0,0.0,0.48000000000000004,325.0
0.9729166666666667,0.0,0.0,1.0,0.0,467.0,0.0,13.0,0.0,0.49,325.0
0.9729166666666667,0.0,0.0,1.0,0.0,467.0,0.0,13.0,0.0,0.5,325.0
0.9729166666666667,0.0,0.0,1.0,0.0,467.0,0.0,13.0,0.0,0.51,325.0
0.9729166666666667,0.0,0.0,1.0,0.0,467.0,0.0,13.0,0.0,0.52,325.0
0.9729166666666667,0.0,0.0,1.0,0.0,467.0,0.0,13.0,0.0,0.53,325.0
0.9729166666666667,0.0,0.0,1.0,0.0,467.0,0.0,13.0,0.0,0.54,325.0
0.9729166666666667,0.0,0.0,1.0,0.0,467.0,0.0,13.0,0.0,0.55,325.0
0.9729166666666667,0.0,0.0,1.0,0.0,467.0,0.0,13.0,0.0,0.56,325.0
0.9729166666666667,0.0,0.0,1.0,0.0,467.0,0.0,13.0,0.0,0.5700000000000001,325.0
0.9729166666666667,0.0,0.0,1.0,0.0,467.0,0.0,13.0,0.0,0.5800000000000001,325.0
0.9729166666666667,0.0,0.0,1.0,0.0,467.0,0.0,13.0,0.0,0.59,325.0
0.9729166666666667,0.0,0.0,1.0,0.0,467.0,0.0,13.0,0.0,0.6,325.0
0.9729166666666667,0.0,0.0,1.0,0.0,467.0,0.0,13.0,0.0,0.61,325.0
0.9729166666666667,0.0,0.0,1.0,0.0,467.0,0.0,13.0,0.0,0.62,325.0
0.9729166666666667,0.0,0.0,1.0,0.0,467.0,0.0,13.0,0.0,0.63,325.0
0.9729166666666667,0.0,0.0,1.0,0.0,467.0,0.0,13.0,0.0,0.64,325.0
0.9729166666666667,0.0,0.0,1.0,0.0,467.0,0.0,13.0,0.0,0.65,325.0
0.9729166666666667,0.0,0.0,1.0,0.0,467.0,0.0,13.0,0.0,0.66,325.0
0.9729166666666667,0.0,0.0,1.0,0.0,467.0,0.0,13.0,0.0,0.67,325.0
0.9729166666666667,0.0,0.0,1.0,0.0,467.0,0.0,13.0,0.0,0.68,325.0
0.9729166666666667,0.0,0.0,1.0,0.0,467.0,0.0,13.0,0.0,0.6900000000000001,325.0
0.9729166666666667,0.0,0.0,1.0,0.0,467.0,0.0,13.0,0.0,0.7000000000000001,325.0
0.9729166666666667,0.0,0.0,1.0,0.0,467.0,0.0,13.0,0.0,0.7100000000000001,325.0
0.9729166666666667,0.0,0.0,1.0,0.0,467.0,0.0,13.0,0.0,0.72,325.0
0.9729166666666667,0.0,0.0,1.0,0.0,467.0,0.0,13.0,0.0,0.73,325.0
0.9729166666666667,0.0,0.0,1.0,0.0,467.0,0.0,13.0,0.0,0.74,325.0
0.9729166666666667,0.0,0.0,1.0,0.0,467.0,0.0,13.0,0.0,0.75,325.0
0.9729166666666667,0.0,0.0,1.0,0.0,467.0,0.0,13.0,0.0,0.76,325.0
0.9729166666666667,0.0,0.0,1.0,0.0,467.0,0.0,13.0,0.0,0.77,325.0
0.9729166666666667,0.0,0.0,1.0,0.0,467.0,0.0,13.0,0.0,0.78,325.0
0.9729166666666667,0.0,0.0,1.0,0.0,467.0,0.0,13.0,0.0,0.79,325.0
0.9729166666666667,0.0,0.0,1.0,0.0,467.0,0.0,13.0,0.0,0.8,325.0
0.9729166666666667,0.0,0.0,1.0,0.0,467.0,0.0,13.0,0.0,0.81,325.0
0.9729166666666667,0.0,0.0,1.0,0.0,467.0,0.0,13.0,0.0,0.8200000000000001,325.0
0.9729166666666667,0.0,0.0,1.0,0.0,467.0,0.0,13.0,0.0,0.8300000000000001,325.0
0.9729166666666667,0.0,0.0,1.0,0.0,467.0,0.0,13.0,0.0,0.8400000000000001,325.0
0.9729166666666667,0.0,0.0,1.0,0.0,467.0,0.0,13.0,0.0,0.85,325.0
0.9729166666666667,0.0,0.0,1.0,0.0,467.0,0.0,13.0,0.0,0.86,325.0
0.9729166666666667,0.0,0.0,1.0,0.0,467.0,0.0,13.0,0.0,0.87,325.0
0.9729166666666667,0.0,0.0,1.0,0.0,467.0,0.0,13.0,0.0,0.88,325.0
0.9729166666666667,0.0,0.0,1.0,0.0,467.0,0.0,13.0,0.0,0.89,325.0
0.9729166666666667,0.0,0.0,1.0,0.0,467.0,0.0,13.0,0.0,0.9,325.0
0.9729166666666667,0.0,0.0,1.0,0.0,467.0,0.0,13.0,0.0,0.91,325.0
0.9729166666666667,0.0,0.0,1.0,0.0,467.0,0.0,13.0,0.0,0.92,325.0
0.9729166666666667,0.0,0.0,1.0,0.0,467.0,0.0,13.0,0.0,0.93,325.0
0.9729166666666667,0.0,0.0,1.0,0.0,467.0,0.0,13.0,0.0,0.9400000000000001,325.0
0.9729166666666667,0.0,0.0,1.0,0.0,467.0,0.0,13.0,0.0,0.9500000000000001,325.0
0.9729166666666667,0.0,0.0,1.0,0.0,467.0,0.0,13.0,0.0,0.9600000000000001,325.0
0.9729166666666667,0.0,0.0,1.0,0.0,467.0,0.0,13.0,0.0,0.97,325.0
0.9729166666666667,0.0,0.0,1.0,0.0,467.0,0.0,13.0,0.0,0.98,325.0
0.9729166666666667,0.0,0.0,1.0,0.0,467.0,0.0,13.0,0.0,0.99,325.0
